formula	adduct	rank	score	treeScore	isoScore	explainedPeaks	explainedIntensity
C10H18N2O5	[M + H]+	1	29.31581380551768	29.31581380551768	0.0	13	0.06336098089979507
